{
  "overall": {
    "baseline": {
      "rouge": {
        "metric_backend": "rouge_score",
        "rouge1": 0.18029545448359652,
        "rouge2": 0.05274643400045113,
        "rougeL": 0.1729551898332636,
        "exact_match": 0.015119363395225464,
        "token_f1": 0.13065371871494616
      },
      "latency": {
        "mean_ms": 1307.47,
        "min_ms": 272.3,
        "max_ms": 9193.61
      },
      "n": 3770
    },
    "lora": {
      "rouge": {
        "metric_backend": "rouge_score",
        "rouge1": 0.5500989603584695,
        "rouge2": 0.18749554685609215,
        "rougeL": 0.5405391246735457,
        "exact_match": 0.3925729442970822,
        "token_f1": 0.5101580603224498
      },
      "latency": {
        "mean_ms": 1045.84,
        "min_ms": 315.93,
        "max_ms": 22951.2
      },
      "n": 3770
    },
    "delta_rougeL": 0.36758393484028207,
    "delta_exact_match": 0.37745358090185677,
    "delta_mean_latency_ms": -261.6300000000001
  },
  "per_category": {
    "perception": {
      "n": 1738,
      "baseline": {
        "rouge1": 0.2246772994743013,
        "rouge2": 0.08816234694632717,
        "rougeL": 0.21688484406614858,
        "exact_match": 0.03222094361334868,
        "latency_ms": 1153.5707767548881
      },
      "lora": {
        "rouge1": 0.5023637086703244,
        "rouge2": 0.15379068344565103,
        "rougeL": 0.48861801753660616,
        "exact_match": 0.2894131185270426,
        "latency_ms": 1225.163112773301
      },
      "delta_rougeL": 0.27173317347045756
    },
    "prediction": {
      "n": 1181,
      "baseline": {
        "rouge1": 0.12641385415019885,
        "rouge2": 0.02136245353461104,
        "rougeL": 0.12428611427726229,
        "exact_match": 0.000846740050804403,
        "latency_ms": 1387.511405588484
      },
      "lora": {
        "rouge1": 0.6612193940569789,
        "rouge2": 0.27145470516696785,
        "rougeL": 0.6594150008985626,
        "exact_match": 0.6020321761219306,
        "latency_ms": 740.4036663844207
      },
      "delta_rougeL": 0.5351288866213003
    },
    "planning": {
      "n": 813,
      "baseline": {
        "rouge1": 0.15395412338916867,
        "rouge2": 0.014798507807382111,
        "rougeL": 0.14047768570192318,
        "exact_match": 0.0,
        "latency_ms": 1531.3293849938514
      },
      "lora": {
        "rouge1": 0.514735520024707,
        "rouge2": 0.14634931982378685,
        "rougeL": 0.502411312125977,
        "exact_match": 0.32718327183271834,
        "latency_ms": 1129.5070110701113
      },
      "delta_rougeL": 0.3619336264240538
    },
    "behavior": {
      "n": 38,
      "baseline": {
        "rouge1": 0.3885592855275403,
        "rouge2": 0.22020138729489977,
        "rougeL": 0.3711828222981596,
        "exact_match": 0.0,
        "latency_ms": 1069.7536842105264
      },
      "lora": {
        "rouge1": 0.036444018974163994,
        "rouge2": 0.0,
        "rougeL": 0.036444018974163994,
        "exact_match": 0.0,
        "latency_ms": 546.6194736842104
      },
      "delta_rougeL": -0.3347388033239956
    }
  }
}